id;firstname;lastname;email;phone;remark;image;image_content_type
1;Lead metrics;connecting incubate;"SG0oiv@Q;FO.;]ewSK";(0750) 898358342;Optimization multi-byte copying;../fake-data/blob/hipster.png;image/png
2;Baby;Wooden;";5@>.)uE4";(0820) 413827282;Director reinvent;../fake-data/blob/hipster.png;image/png
3;Handcrafted Customer;full-range Card Pants;"j@MH3~~.=So";+49-804-3246119;Manat;../fake-data/blob/hipster.png;image/png
4;deposit;Personal defect Bike;"#H5Hi@5xD.YGY";(08662) 7054256;Steel invoice Gorgeous;../fake-data/blob/hipster.png;image/png
5;bandwidth;bypass Yen recontextualize;"(i@|.r";+49-6385-11503015;Pa'anga Clothing Hamburg;../fake-data/blob/hipster.png;image/png
6;Sausages Gloves;USB Clothing;"Psro|J@ZKRB.7,s_:";+49-777-6268121;needs-based XSS index;../fake-data/blob/hipster.png;image/png
7;engage Hills;gold Granite analyzing;"sNNQ@ivcJ.P`b";+49-118-1779912;St. Research index;../fake-data/blob/hipster.png;image/png
8;teal indexing Stream;enterprise;"h@uAxXuu.gD";(0919) 453173878;Kip;../fake-data/blob/hipster.png;image/png
9;non-volatile;Personal best-of-breed;"7<aX@O'.AvM^z";(04658) 0582750;Product firewall;../fake-data/blob/hipster.png;image/png
10;Baden-WÃ¼rttemberg;standardization blue;"e.u@G1a-g.I2";+49-4881-27471038;wireless Soft target;../fake-data/blob/hipster.png;image/png
